<?xml version="1.0" encoding="UTF-8" standalone="yes"?>
<addon id="plugin.video.novinkyinfo" version="1.0.2" name="Novinky Info" provider-name="TvojNick">
    <requires>
        <import addon="xbmc.python" version="3.0.0"/>
    </requires>
    <extension point="xbmc.addon.metadata">
        <summary>Prehľad nových filmov a seriálov (CZ/SK)</summary>
        <description>Zobrazí nové tituly podľa jazyka, typu a dátumu. Zdroj: vlastný backend.</description>
        <platform>all</platform>
    </extension>
    <extension point="xbmc.python.pluginsource" library="default.py" />
</addon>
